customerID,gender,SeniorCitizen,tenure,PhoneService,InternetService,MonthlyCharges,TotalCharges,Churn
CUST00001,Male,0,69,No,DSL,93.03,5820.88,No
CUST00002,Female,0,9,No,DSL,95.69,847.81,No
CUST00003,Male,0,9,No,No,72.55,569.76,Yes
CUST00004,Female,0,62,No,Fiber optic,50.32,3264.55,No
CUST00005,Female,0,3,No,DSL,101.66,301.13,Yes
CUST00006,Male,0,29,Yes,DSL,32.68,1187.81,No
CUST00007,Male,1,21,Yes,Fiber optic,26.13,412.56,Yes
CUST00008,Male,0,33,No,Fiber optic,52.0,1722.2,No
CUST00009,Female,0,1,No,No,86.14,81.69,No
CUST00010,Male,1,7,Yes,DSL,103.07,654.63,Yes
CUST00011,Male,0,49,No,Fiber optic,92.81,5030.49,No
CUST00012,Male,0,9,Yes,Fiber optic,101.16,861.07,Yes
CUST00013,Female,1,6,Yes,Fiber optic,67.3,419.97,No
CUST00014,Female,0,4,Yes,DSL,100.32,436.28,Yes
CUST00015,Female,0,5,Yes,Fiber optic,76.73,372.25,Yes
CUST00016,Female,0,67,Yes,Fiber optic,75.58,5408.69,No
CUST00017,Female,1,11,Yes,Fiber optic,64.86,759.85,No
CUST00018,Female,0,13,No,No,91.26,1303.0,No
CUST00019,Male,0,9,No,Fiber optic,86.04,739.19,Yes
CUST00020,Male,0,0,No,Fiber optic,91.02,,No
CUST00021,Female,0,3,Yes,Fiber optic,93.04,286.08,Yes
CUST00022,Female,0,53,No,DSL,44.82,2254.3,No
CUST00023,Male,0,44,Yes,Fiber optic,36.51,1172.77,Yes
CUST00024,Female,0,6,Yes,DSL,102.94,602.63,Yes
CUST00025,Male,0,68,No,Fiber optic,77.02,5799.42,No
CUST00026,Male,0,35,No,DSL,85.14,3139.53,No
CUST00027,Male,0,64,No,DSL,24.25,1376.53,No
CUST00028,Male,0,2,No,DSL,70.98,128.16,Yes
CUST00029,Male,0,0,No,Fiber optic,98.89,,Yes
CUST00030,Male,1,18,No,Fiber optic,70.57,1437.85,No
CUST00031,Male,0,42,No,DSL,82.94,3769.13,No
CUST00032,Male,1,4,No,No,109.68,448.39,Yes
CUST00033,Female,0,69,Yes,Fiber optic,92.74,6072.74,No
CUST00034,Male,0,12,Yes,Fiber optic,37.23,559.02,No
CUST00035,Female,0,29,Yes,Fiber optic,32.01,1025.28,No
CUST00036,Female,0,10,Yes,No,69.03,706.19,No
CUST00037,Male,0,21,No,DSL,31.24,769.54,No
CUST00038,Male,0,63,Yes,Fiber optic,50.06,3475.16,No
CUST00039,Female,0,0,No,DSL,106.9,,Yes
CUST00040,Male,0,36,Yes,Fiber optic,78.97,2999.94,No
CUST00041,Female,0,69,No,No,33.25,2844.67,No
CUST00042,Female,0,6,Yes,DSL,74.78,465.42,Yes
CUST00043,Female,0,9,No,No,76.97,652.42,Yes
CUST00044,Male,0,61,Yes,DSL,27.71,1672.17,No
CUST00045,Female,0,21,Yes,Fiber optic,36.26,636.0,No
CUST00046,Male,0,17,No,Fiber optic,38.97,643.3,No
CUST00047,Male,1,39,Yes,Fiber optic,56.11,1866.48,No
CUST00048,Female,1,60,Yes,Fiber optic,26.58,1613.93,Yes
CUST00049,Female,0,4,No,DSL,101.74,438.86,Yes
CUST00050,Female,0,20,No,DSL,25.43,508.41,No
CUST00051,Female,0,45,No,No,48.48,2578.87,No
CUST00052,Female,0,6,No,Fiber optic,84.2,555.43,Yes
CUST00053,Female,0,34,No,Fiber optic,95.72,3362.09,No
CUST00054,Female,0,53,No,DSL,51.01,2378.12,No
CUST00055,Male,0,6,Yes,DSL,93.39,597.87,Yes
CUST00056,Female,0,68,No,DSL,82.38,5843.44,No
CUST00057,Male,0,15,No,Fiber optic,42.04,746.22,No
CUST00058,Male,0,19,Yes,Fiber optic,45.83,797.7,No
CUST00059,Male,1,15,No,Fiber optic,42.35,734.92,No
CUST00060,Female,0,3,No,Fiber optic,86.6,284.46,Yes
CUST00061,Male,0,26,Yes,DSL,32.88,1067.69,No
CUST00062,Female,0,10,No,Fiber optic,97.72,1077.01,Yes
CUST00063,Male,0,65,Yes,Fiber optic,28.67,2511.29,Yes
CUST00064,Male,0,68,Yes,Fiber optic,73.36,4683.02,No
CUST00065,Male,0,3,Yes,DSL,87.24,,Yes
CUST00066,Male,0,2,No,Fiber optic,76.33,148.73,Yes
CUST00067,Male,0,33,Yes,Fiber optic,70.72,2097.33,Yes
CUST00068,Male,0,4,Yes,Fiber optic,82.84,339.41,Yes
CUST00069,Male,1,39,No,DSL,25.61,1143.53,No
CUST00070,Male,0,18,No,No,29.45,467.29,No
CUST00071,Male,1,1,Yes,Fiber optic,93.75,98.07,Yes
CUST00072,Male,0,60,Yes,DSL,55.12,,No
CUST00073,Female,0,23,No,DSL,50.74,1172.82,No
CUST00074,Female,0,2,No,DSL,86.54,186.04,Yes
CUST00075,Female,0,33,Yes,No,40.41,1561.29,No
CUST00076,Female,0,8,No,Fiber optic,75.42,626.93,Yes
CUST00077,Male,0,32,No,DSL,79.2,2386.87,No
CUST00078,Female,0,1,No,Fiber optic,71.04,69.8,No
CUST00079,Female,1,17,Yes,No,47.42,769.37,No
CUST00080,Female,0,22,Yes,No,67.39,1692.92,No
CUST00081,Female,0,67,Yes,No,66.94,3940.58,No
CUST00082,Male,1,43,No,Fiber optic,23.94,836.79,Yes
CUST00083,Male,1,9,Yes,Fiber optic,62.9,575.55,No
CUST00084,Female,0,50,Yes,Fiber optic,73.94,3369.2,No
CUST00085,Female,1,10,Yes,No,60.54,632.66,No
CUST00086,Male,0,71,No,Fiber optic,50.08,4122.55,No
CUST00087,Female,0,4,Yes,Fiber optic,65.51,262.9,No
CUST00088,Male,0,14,Yes,DSL,39.69,416.94,No
CUST00089,Female,0,68,Yes,Fiber optic,96.9,,No
CUST00090,Female,0,45,No,DSL,82.28,3753.4,No
CUST00091,Male,1,34,No,Fiber optic,49.38,1945.58,Yes
CUST00092,Female,0,23,No,Fiber optic,94.43,1952.39,No
CUST00093,Female,0,14,Yes,Fiber optic,58.61,813.12,No
CUST00094,Male,0,35,No,Fiber optic,82.36,2923.43,Yes
CUST00095,Female,0,65,No,Fiber optic,85.5,6048.49,Yes
CUST00096,Female,0,48,No,Fiber optic,56.72,2809.77,Yes
CUST00097,Male,0,10,Yes,Fiber optic,85.52,815.06,Yes
CUST00098,Male,0,26,No,Fiber optic,21.38,354.59,No
CUST00099,Male,0,24,No,DSL,68.75,1543.1,No
CUST00100,Male,1,56,No,Fiber optic,48.65,2309.1,No
CUST00101,Male,0,17,Yes,Fiber optic,67.81,1158.74,Yes
CUST00102,Female,0,0,No,DSL,87.72,,No
CUST00103,Female,0,6,Yes,DSL,81.0,438.06,Yes
CUST00104,Male,1,2,Yes,DSL,86.1,166.89,Yes
CUST00105,Female,0,6,Yes,Fiber optic,75.01,451.03,No
CUST00106,Female,1,72,No,DSL,98.69,6537.92,No
CUST00107,Female,0,21,Yes,Fiber optic,60.53,1478.9,No
CUST00108,Male,1,16,Yes,No,33.25,616.6,No
CUST00109,Female,0,58,No,Fiber optic,98.15,5437.77,No
CUST00110,Female,0,3,No,DSL,109.34,319.22,No
CUST00111,Male,0,65,No,Fiber optic,63.04,4170.23,No
CUST00112,Male,0,58,No,Fiber optic,42.84,2823.38,No
CUST00113,Female,0,45,No,Fiber optic,55.52,2403.25,No
CUST00114,Male,0,34,Yes,Fiber optic,44.39,1825.91,No
CUST00115,Female,0,48,No,DSL,55.29,2553.49,No
CUST00116,Male,0,1,Yes,DSL,81.36,83.52,Yes
CUST00117,Male,1,66,No,No,92.78,6050.67,No
CUST00118,Male,1,67,Yes,No,51.18,3863.66,No
CUST00119,Female,0,32,Yes,Fiber optic,34.88,1139.45,No
CUST00120,Female,0,12,No,DSL,26.49,212.38,No
CUST00121,Female,0,55,Yes,Fiber optic,83.3,4212.28,Yes
CUST00122,Male,0,29,Yes,Fiber optic,74.64,2240.76,Yes
CUST00123,Male,0,71,Yes,Fiber optic,42.93,2402.51,No
CUST00124,Female,0,49,No,DSL,68.25,3690.06,No
CUST00125,Male,1,58,No,Fiber optic,26.47,1882.41,Yes
CUST00126,Male,1,9,No,DSL,70.37,619.01,Yes
CUST00127,Male,1,11,No,Fiber optic,81.01,857.09,No
CUST00128,Male,0,37,Yes,No,21.08,473.83,No
CUST00129,Male,0,0,Yes,DSL,99.26,,Yes
CUST00130,Female,1,58,No,DSL,22.04,980.42,No
CUST00131,Male,0,70,No,DSL,88.78,6395.22,No
CUST00132,Female,0,6,Yes,Fiber optic,75.49,499.01,No
CUST00133,Male,0,6,Yes,DSL,83.66,489.82,No
CUST00134,Male,0,71,No,No,35.33,2056.06,No
CUST00135,Male,0,70,No,Fiber optic,54.7,3678.37,Yes
CUST00136,Female,0,7,No,No,87.41,580.97,Yes
CUST00137,Female,0,65,Yes,DSL,51.46,3227.84,No
CUST00138,Male,0,8,No,No,76.29,573.64,Yes
CUST00139,Male,0,29,No,No,69.79,1764.34,No
CUST00140,Male,0,34,Yes,Fiber optic,81.62,2909.6,No
CUST00141,Male,0,24,No,Fiber optic,52.87,1286.49,No
CUST00142,Male,0,12,Yes,No,27.26,273.92,No
CUST00143,Female,0,53,No,No,27.88,1356.64,No
CUST00144,Male,0,68,Yes,DSL,70.56,4821.24,No
CUST00145,Male,1,23,Yes,DSL,87.06,2035.61,No
CUST00146,Male,0,0,No,DSL,88.19,,No
CUST00147,Female,0,24,Yes,No,35.91,1024.73,No
CUST00148,Male,0,6,Yes,DSL,70.78,449.29,Yes
CUST00149,Female,0,41,No,DSL,78.72,3275.39,No
CUST00150,Female,1,5,Yes,DSL,73.17,334.72,No
CUST00151,Female,0,56,Yes,DSL,90.13,5567.68,No
CUST00152,Male,1,63,Yes,Fiber optic,35.6,2803.04,No
CUST00153,Male,0,0,No,DSL,93.98,,No
CUST00154,Female,0,20,Yes,DSL,67.09,1225.26,No
CUST00155,Male,0,3,Yes,Fiber optic,109.73,324.15,Yes
CUST00156,Male,0,55,Yes,Fiber optic,47.49,2491.64,No
CUST00157,Female,0,67,Yes,DSL,91.65,5555.21,No
CUST00158,Female,1,67,No,Fiber optic,33.02,2401.13,Yes
CUST00159,Male,0,32,No,No,80.03,2824.05,No
CUST00160,Male,0,3,No,Fiber optic,94.3,278.47,No
CUST00161,Female,0,31,Yes,DSL,81.36,2708.47,No
CUST00162,Male,1,39,No,Fiber optic,86.8,3421.19,No
CUST00163,Female,1,15,Yes,DSL,68.49,1025.68,No
CUST00164,Male,0,24,No,Fiber optic,91.43,2013.6,No
CUST00165,Female,0,27,No,Fiber optic,46.8,1503.4,No
CUST00166,Male,0,19,No,DSL,57.59,968.85,No
CUST00167,Male,0,47,No,Fiber optic,85.6,3755.5,No
CUST00168,Male,0,52,No,No,22.18,1467.8,No
CUST00169,Male,0,51,No,DSL,29.53,1678.58,No
CUST00170,Female,0,61,Yes,Fiber optic,36.63,1856.11,No
CUST00171,Female,0,9,Yes,DSL,106.64,877.03,Yes
CUST00172,Male,0,35,Yes,Fiber optic,52.75,1757.28,No
CUST00173,Male,0,21,No,Fiber optic,72.08,1464.55,Yes
CUST00174,Female,0,3,Yes,Fiber optic,72.42,191.23,No
CUST00175,Female,0,6,No,Fiber optic,67.96,365.34,No
CUST00176,Female,0,66,No,DSL,36.51,2416.24,No
CUST00177,Male,0,38,No,DSL,29.59,1023.76,No
CUST00178,Male,0,9,Yes,Fiber optic,100.2,874.62,Yes
CUST00179,Female,1,39,Yes,DSL,63.2,2669.45,No
CUST00180,Female,0,33,No,DSL,71.85,2606.52,No
CUST00181,Male,0,72,No,DSL,40.06,2686.34,No
CUST00182,Female,0,1,No,Fiber optic,67.67,65.35,No
CUST00183,Male,1,60,No,No,28.41,1822.15,No
CUST00184,Male,0,1,Yes,Fiber optic,64.35,74.26,No
CUST00185,Female,0,57,No,DSL,42.97,2510.5,No
CUST00186,Male,0,10,No,Fiber optic,109.45,1031.24,No
CUST00187,Female,0,16,Yes,Fiber optic,73.23,1207.9,No
CUST00188,Male,0,38,No,DSL,59.24,2468.43,No
CUST00189,Female,1,63,Yes,Fiber optic,42.58,2903.95,No
CUST00190,Male,0,38,No,No,79.6,2923.16,No
CUST00191,Male,0,55,Yes,DSL,84.02,4594.23,No
CUST00192,Female,0,27,Yes,DSL,58.26,1342.28,No
CUST00193,Male,1,21,No,DSL,71.34,1606.76,No
CUST00194,Male,0,1,Yes,No,108.14,112.83,Yes
CUST00195,Female,0,4,Yes,No,93.11,381.31,No
CUST00196,Female,0,7,No,Fiber optic,76.9,495.41,No
CUST00197,Female,1,8,Yes,DSL,94.96,780.56,Yes
CUST00198,Female,1,64,No,No,55.95,3693.95,No
CUST00199,Male,0,58,No,DSL,89.28,5437.79,No
CUST00200,Female,0,66,No,No,84.52,5125.39,No
CUST00201,Female,0,9,No,DSL,63.13,604.39,No
CUST00202,Male,0,10,Yes,No,82.87,750.96,No
CUST00203,Male,0,59,No,No,88.37,5115.55,No
CUST00204,Female,0,9,No,Fiber optic,104.34,967.89,No
CUST00205,Female,1,11,Yes,Fiber optic,75.06,769.59,No
CUST00206,Male,0,33,No,DSL,69.17,2520.32,No
CUST00207,Male,0,71,No,No,87.85,6181.03,No
CUST00208,Female,0,5,Yes,DSL,67.45,322.21,No
CUST00209,Male,0,4,No,DSL,98.91,432.94,No
CUST00210,Female,0,72,Yes,DSL,31.31,2597.37,No
CUST00211,Female,0,39,No,No,94.5,3797.43,No
CUST00212,Male,1,70,Yes,DSL,26.49,1512.92,No
CUST00213,Female,0,35,No,Fiber optic,94.79,2989.2,No
CUST00214,Male,1,13,Yes,Fiber optic,32.2,428.43,No
CUST00215,Female,0,1,Yes,Fiber optic,60.66,64.92,No
CUST00216,Female,0,3,No,DSL,83.56,229.87,Yes
CUST00217,Female,0,10,No,No,62.9,727.01,No
CUST00218,Male,0,2,No,Fiber optic,105.54,198.98,Yes
CUST00219,Female,0,2,Yes,Fiber optic,80.56,,Yes
CUST00220,Female,0,14,No,No,21.46,279.35,No
CUST00221,Female,0,37,Yes,DSL,42.78,1731.27,No
CUST00222,Female,0,38,Yes,Fiber optic,20.52,1007.15,No
CUST00223,Male,0,54,No,No,71.47,3791.83,No
CUST00224,Male,0,2,Yes,DSL,68.39,121.21,No
CUST00225,Male,0,6,Yes,Fiber optic,60.75,353.9,No
CUST00226,Female,1,27,Yes,Fiber optic,20.3,765.12,Yes
CUST00227,Male,0,58,No,DSL,62.03,3351.7,No
CUST00228,Female,0,3,No,DSL,102.69,303.86,No
CUST00229,Male,1,24,No,Fiber optic,71.85,1833.73,Yes
CUST00230,Male,0,12,No,DSL,64.24,724.96,No
CUST00231,Female,0,61,Yes,DSL,95.53,5443.62,No
CUST00232,Female,0,54,Yes,Fiber optic,51.66,2459.52,No
CUST00233,Female,0,57,Yes,Fiber optic,43.85,2824.68,Yes
CUST00234,Male,1,14,No,DSL,83.61,,Yes
CUST00235,Male,1,16,Yes,Fiber optic,32.92,657.51,No
CUST00236,Male,0,5,No,Fiber optic,63.36,361.66,No
CUST00237,Female,0,64,Yes,DSL,91.26,5842.71,No
CUST00238,Male,0,7,No,DSL,65.91,480.65,No
CUST00239,Female,0,4,Yes,Fiber optic,101.16,434.47,Yes
CUST00240,Male,0,62,No,Fiber optic,78.81,4346.88,No
CUST00241,Male,0,6,No,DSL,101.36,568.85,No
CUST00242,Male,0,63,No,No,41.27,2232.2,No
CUST00243,Female,0,25,Yes,No,37.06,725.66,No
CUST00244,Female,1,48,No,DSL,30.12,1351.03,No
CUST00245,Male,0,42,Yes,No,98.27,4466.37,No
CUST00246,Female,0,9,Yes,Fiber optic,82.9,676.24,Yes
CUST00247,Male,1,39,Yes,Fiber optic,31.46,1334.29,No
CUST00248,Female,1,32,Yes,Fiber optic,77.98,2629.43,Yes
CUST00249,Female,0,50,No,Fiber optic,53.91,2592.58,No
CUST00250,Male,0,21,Yes,Fiber optic,62.76,1165.87,Yes
CUST00251,Female,0,3,No,DSL,87.62,269.06,No
CUST00252,Female,0,3,No,DSL,108.66,337.8,Yes
CUST00253,Male,1,47,Yes,DSL,56.93,2833.32,No
CUST00254,Female,0,9,No,DSL,84.35,750.55,Yes
CUST00255,Male,0,54,No,Fiber optic,23.61,953.65,No
CUST00256,Male,0,46,No,DSL,62.63,3228.67,No
CUST00257,Male,0,71,Yes,Fiber optic,60.35,4542.17,No
CUST00258,Male,0,1,Yes,Fiber optic,62.31,62.15,Yes
CUST00259,Male,0,5,Yes,No,73.67,368.71,No
CUST00260,Female,0,58,No,Fiber optic,48.0,2820.77,No
CUST00261,Male,0,31,Yes,DSL,74.14,2122.6,No
CUST00262,Female,1,8,No,Fiber optic,93.16,683.02,Yes
CUST00263,Female,0,24,Yes,DSL,96.19,2254.26,No
CUST00264,Female,0,66,No,Fiber optic,28.16,1740.69,Yes
CUST00265,Male,0,0,Yes,No,108.91,,No
CUST00266,Male,0,8,No,DSL,78.29,607.32,No
CUST00267,Male,0,2,No,Fiber optic,62.96,145.88,Yes
CUST00268,Female,0,47,Yes,Fiber optic,26.86,825.06,No
CUST00269,Female,0,41,Yes,Fiber optic,23.53,626.12,Yes
CUST00270,Male,0,37,Yes,Fiber optic,57.02,2412.03,No
CUST00271,Male,1,10,Yes,No,89.11,933.63,No
CUST00272,Male,0,59,Yes,DSL,21.21,856.45,No
CUST00273,Male,0,2,Yes,DSL,92.85,181.81,No
CUST00274,Male,1,1,No,Fiber optic,62.53,64.16,Yes
CUST00275,Female,0,10,No,DSL,84.47,835.38,No
CUST00276,Male,0,24,Yes,DSL,52.21,,No
CUST00277,Female,1,5,No,No,85.49,,No
CUST00278,Male,1,5,No,Fiber optic,60.56,346.3,Yes
CUST00279,Female,1,12,Yes,DSL,22.11,242.18,No
CUST00280,Male,0,56,Yes,DSL,47.9,2460.08,No
CUST00281,Male,0,12,Yes,Fiber optic,64.26,722.36,No
CUST00282,Male,1,25,Yes,No,95.27,2183.92,No
CUST00283,Female,0,9,Yes,No,89.38,,Yes
CUST00284,Male,0,0,No,Fiber optic,81.34,,Yes
CUST00285,Male,0,9,No,Fiber optic,73.36,638.28,Yes
CUST00286,Female,0,9,Yes,DSL,89.89,,Yes
CUST00287,Female,0,7,No,Fiber optic,67.21,419.92,No
CUST00288,Female,0,46,No,No,90.51,4615.2,No
CUST00289,Female,1,69,Yes,DSL,48.5,3433.92,No
CUST00290,Female,0,55,No,No,51.18,3312.4,No
CUST00291,Female,1,0,No,DSL,71.48,,Yes
CUST00292,Male,0,59,Yes,Fiber optic,29.7,1295.19,No
CUST00293,Male,1,36,No,No,48.55,1549.89,No
CUST00294,Male,0,5,No,Fiber optic,62.64,324.28,No
CUST00295,Female,0,12,Yes,Fiber optic,78.67,1013.86,No
CUST00296,Male,1,2,No,Fiber optic,66.54,151.78,No
CUST00297,Female,0,17,Yes,Fiber optic,69.89,1207.65,No
CUST00298,Male,0,41,No,Fiber optic,45.22,2065.54,No
CUST00299,Female,0,7,No,Fiber optic,71.04,545.38,No
CUST00300,Male,0,5,No,Fiber optic,61.33,319.26,Yes
CUST00301,Female,0,6,Yes,DSL,60.23,326.91,No
CUST00302,Male,0,5,No,DSL,101.05,469.08,Yes
CUST00303,Female,0,12,Yes,Fiber optic,56.4,672.49,No
CUST00304,Male,0,5,No,No,65.4,340.68,No
CUST00305,Male,1,55,No,Fiber optic,41.44,1864.3,Yes
CUST00306,Female,0,66,No,DSL,50.52,3204.15,No
CUST00307,Female,0,10,No,DSL,69.3,762.97,No
CUST00308,Female,0,48,No,DSL,80.58,4111.12,No
CUST00309,Female,0,21,No,DSL,56.54,1267.07,No
CUST00310,Female,1,44,Yes,Fiber optic,99.44,4246.92,No
CUST00311,Female,0,59,Yes,No,69.44,,No
CUST00312,Female,1,5,No,Fiber optic,108.61,498.78,Yes
CUST00313,Male,0,3,Yes,DSL,65.92,184.47,No
CUST00314,Female,0,43,No,Fiber optic,28.28,1058.72,No
CUST00315,Female,0,48,No,No,47.35,2554.53,No
CUST00316,Female,0,13,Yes,DSL,82.08,1168.58,No
CUST00317,Male,0,54,No,DSL,49.09,2225.19,No
CUST00318,Male,0,6,No,DSL,74.86,460.37,Yes
CUST00319,Male,0,21,No,Fiber optic,33.86,502.14,No
CUST00320,Male,0,29,No,Fiber optic,82.13,2474.39,No
CUST00321,Female,1,10,Yes,DSL,82.07,818.83,Yes
CUST00322,Male,0,59,No,Fiber optic,85.87,5409.37,Yes
CUST00323,Male,0,5,Yes,Fiber optic,83.53,442.51,Yes
CUST00324,Male,1,40,No,DSL,71.52,,No
CUST00325,Male,1,11,Yes,No,97.97,1112.33,Yes
CUST00326,Male,0,46,Yes,DSL,64.59,2817.22,No
CUST00327,Male,0,8,Yes,Fiber optic,71.47,636.83,Yes
CUST00328,Male,1,39,No,Fiber optic,49.93,1705.18,Yes
CUST00329,Male,0,4,Yes,No,103.65,452.03,No
CUST00330,Female,1,58,No,DSL,99.45,5847.34,No
CUST00331,Female,0,63,No,No,39.73,1947.16,No
CUST00332,Female,0,44,Yes,Fiber optic,36.9,1457.79,No
CUST00333,Male,0,12,No,DSL,60.04,821.88,No
CUST00334,Female,0,42,Yes,DSL,52.87,2416.38,No
CUST00335,Male,0,12,Yes,DSL,40.44,,No
CUST00336,Female,0,11,Yes,Fiber optic,63.4,605.56,No
CUST00337,Male,1,58,Yes,No,80.31,4573.9,No
CUST00338,Female,0,67,No,Fiber optic,61.39,3600.05,No
CUST00339,Male,0,5,No,No,104.88,510.83,Yes
CUST00340,Female,0,11,Yes,DSL,80.53,903.34,Yes
CUST00341,Male,0,7,Yes,Fiber optic,86.04,654.43,Yes
CUST00342,Male,0,2,Yes,Fiber optic,88.23,161.32,Yes
CUST00343,Female,0,6,Yes,DSL,96.82,630.72,Yes
CUST00344,Female,0,23,No,DSL,91.08,,No
CUST00345,Male,0,63,No,DSL,59.08,3718.36,No
CUST00346,Female,0,4,Yes,No,88.85,374.52,No
CUST00347,Male,0,5,No,DSL,75.0,370.49,No
CUST00348,Female,0,27,No,DSL,33.67,644.64,No
CUST00349,Female,0,6,Yes,DSL,83.69,445.82,No
CUST00350,Female,0,6,No,Fiber optic,83.42,535.82,Yes
CUST00351,Female,0,8,Yes,DSL,82.49,,No
CUST00352,Female,0,42,Yes,DSL,94.08,4198.56,No
CUST00353,Female,0,51,No,DSL,77.42,4108.44,No
CUST00354,Female,0,67,No,No,51.1,3074.55,No
CUST00355,Female,0,71,No,No,64.04,4012.81,No
CUST00356,Female,1,4,Yes,Fiber optic,78.19,342.38,Yes
CUST00357,Male,1,32,No,No,64.32,2127.29,No
CUST00358,Male,0,37,Yes,Fiber optic,31.59,1027.68,No
CUST00359,Male,0,40,No,Fiber optic,38.7,1718.3,No
CUST00360,Male,0,5,No,DSL,91.71,428.69,No
CUST00361,Female,0,9,No,No,91.61,752.06,Yes
CUST00362,Male,0,8,No,DSL,90.93,806.22,Yes
CUST00363,Male,1,51,No,No,64.2,3687.32,No
CUST00364,Female,0,7,No,Fiber optic,68.39,464.28,Yes
CUST00365,Female,0,14,Yes,Fiber optic,54.01,678.42,Yes
CUST00366,Male,0,16,Yes,DSL,33.73,527.28,No
CUST00367,Male,0,25,No,DSL,37.48,1112.2,No
CUST00368,Female,0,42,No,Fiber optic,65.51,3003.63,Yes
CUST00369,Female,0,22,Yes,Fiber optic,23.22,707.89,No
CUST00370,Female,0,34,No,Fiber optic,28.25,932.96,No
CUST00371,Male,0,18,No,Fiber optic,61.33,984.1,Yes
CUST00372,Male,0,31,No,Fiber optic,52.54,1372.7,Yes
CUST00373,Female,1,23,No,DSL,66.17,1589.2,Yes
CUST00374,Female,0,3,Yes,Fiber optic,106.58,320.58,No
CUST00375,Male,0,55,Yes,Fiber optic,38.61,2046.39,No
CUST00376,Female,0,53,No,No,88.61,5211.01,No
CUST00377,Female,1,4,Yes,DSL,79.5,357.81,Yes
CUST00378,Female,0,4,No,Fiber optic,96.24,355.07,No
CUST00379,Male,0,67,No,Fiber optic,80.05,5963.2,Yes
CUST00380,Male,0,72,No,Fiber optic,90.96,7148.88,Yes
CUST00381,Male,0,38,Yes,Fiber optic,50.71,1922.74,Yes
CUST00382,Female,1,12,No,DSL,71.37,918.36,No
CUST00383,Male,0,2,Yes,No,106.82,224.38,Yes
CUST00384,Female,0,56,Yes,Fiber optic,87.49,4474.26,Yes
CUST00385,Female,0,52,No,Fiber optic,50.87,2486.38,No
CUST00386,Male,0,3,Yes,DSL,105.37,344.57,Yes
CUST00387,Male,0,3,Yes,Fiber optic,107.98,309.45,Yes
CUST00388,Male,0,9,No,No,102.56,903.98,No
CUST00389,Male,0,69,Yes,No,94.02,6101.2,No
CUST00390,Female,0,54,No,DSL,80.92,4022.4,No
CUST00391,Female,1,8,No,Fiber optic,106.41,788.54,Yes
CUST00392,Male,0,25,Yes,DSL,80.78,2115.12,No
CUST00393,Female,0,59,Yes,Fiber optic,98.84,6343.09,No
CUST00394,Female,0,5,Yes,Fiber optic,74.32,404.9,Yes
CUST00395,Male,0,23,No,Fiber optic,71.34,1669.5,Yes
CUST00396,Female,0,12,Yes,DSL,65.13,,No
CUST00397,Male,0,48,Yes,Fiber optic,38.85,1879.14,No
CUST00398,Female,0,12,No,DSL,36.41,474.51,No
CUST00399,Female,0,53,Yes,No,47.87,2756.87,No
CUST00400,Male,0,64,Yes,Fiber optic,62.72,3383.73,No
CUST00401,Male,0,3,Yes,Fiber optic,61.94,173.24,No
CUST00402,Male,0,46,No,Fiber optic,64.22,3188.65,No
CUST00403,Female,0,63,No,DSL,38.3,2925.48,No
CUST00404,Male,1,42,No,DSL,73.47,3491.52,Yes
CUST00405,Female,0,38,Yes,Fiber optic,91.59,3242.27,No
CUST00406,Male,0,37,Yes,DSL,71.78,2678.77,No
CUST00407,Male,1,9,No,DSL,103.78,,No
CUST00408,Male,0,3,No,Fiber optic,91.34,274.61,Yes
CUST00409,Male,0,6,Yes,Fiber optic,63.29,417.56,No
CUST00410,Female,0,35,No,Fiber optic,91.5,3239.63,No
CUST00411,Female,1,18,Yes,Fiber optic,27.71,415.13,Yes
CUST00412,Female,0,23,Yes,Fiber optic,60.83,1203.92,Yes
CUST00413,Female,0,4,No,Fiber optic,60.94,261.14,No
CUST00414,Female,0,21,No,Fiber optic,82.52,1731.41,No
CUST00415,Male,0,28,No,Fiber optic,54.04,1724.72,Yes
CUST00416,Female,0,31,No,DSL,35.72,800.24,No
CUST00417,Female,0,17,No,DSL,38.24,614.83,No
CUST00418,Male,0,5,Yes,DSL,81.64,429.48,Yes
CUST00419,Male,0,2,Yes,Fiber optic,73.45,161.5,No
CUST00420,Male,0,12,Yes,No,54.01,676.87,No
CUST00421,Female,0,12,Yes,Fiber optic,97.84,1153.77,No
CUST00422,Female,0,14,No,DSL,75.48,977.2,No
CUST00423,Male,0,2,Yes,DSL,75.14,156.64,No
CUST00424,Female,0,68,No,Fiber optic,65.13,,No
CUST00425,Male,0,40,No,No,52.07,1932.98,No
CUST00426,Female,0,7,Yes,Fiber optic,91.35,581.63,Yes
CUST00427,Male,0,37,No,DSL,65.74,2794.81,No
CUST00428,Female,1,44,Yes,Fiber optic,42.09,2232.88,No
CUST00429,Female,1,17,No,DSL,26.23,553.11,No
CUST00430,Male,0,26,Yes,DSL,93.71,2235.14,No
CUST00431,Female,0,1,No,No,98.34,96.69,No
CUST00432,Male,0,65,No,Fiber optic,59.61,3821.39,No
CUST00433,Male,0,60,Yes,DSL,68.68,3919.98,No
CUST00434,Male,0,14,Yes,DSL,89.71,1199.97,No
CUST00435,Female,1,6,Yes,No,98.81,582.26,No
CUST00436,Male,1,12,No,Fiber optic,41.05,446.49,No
CUST00437,Female,1,52,No,No,59.69,3278.41,No
CUST00438,Female,0,33,Yes,Fiber optic,51.69,,No
CUST00439,Female,0,11,Yes,DSL,60.96,601.35,No
CUST00440,Female,1,6,Yes,Fiber optic,80.72,521.0,No
CUST00441,Female,0,24,Yes,Fiber optic,40.35,813.94,No
CUST00442,Female,0,35,Yes,Fiber optic,93.52,3044.27,Yes
CUST00443,Female,0,68,No,DSL,61.48,4526.51,No
CUST00444,Male,0,5,Yes,Fiber optic,71.32,337.68,Yes
CUST00445,Male,0,70,Yes,DSL,76.83,5467.53,No
CUST00446,Male,0,55,No,DSL,80.87,4121.45,No
CUST00447,Female,1,4,Yes,DSL,87.46,347.1,Yes
CUST00448,Male,0,4,No,Fiber optic,100.01,375.96,No
CUST00449,Female,0,12,No,No,76.31,854.67,No
CUST00450,Female,0,67,Yes,Fiber optic,31.69,1924.04,No
CUST00451,Male,0,35,No,Fiber optic,58.61,2371.04,Yes
CUST00452,Male,0,3,Yes,DSL,60.19,161.37,No
CUST00453,Male,0,52,Yes,DSL,86.33,4407.91,No
CUST00454,Female,1,22,No,No,86.25,1781.97,No
CUST00455,Female,1,9,No,Fiber optic,73.21,684.5,Yes
CUST00456,Male,0,64,No,Fiber optic,86.02,6078.42,No
CUST00457,Female,0,3,No,No,107.08,312.44,Yes
CUST00458,Female,0,6,No,Fiber optic,66.1,422.66,No
CUST00459,Female,1,2,Yes,Fiber optic,89.06,183.21,Yes
CUST00460,Male,0,42,No,No,80.16,3107.44,No
CUST00461,Female,0,18,No,Fiber optic,35.9,768.04,No
CUST00462,Male,0,32,Yes,Fiber optic,60.41,1839.44,Yes
CUST00463,Female,0,51,Yes,Fiber optic,70.54,3454.07,Yes
CUST00464,Male,0,47,No,No,22.49,1157.54,No
CUST00465,Male,0,4,No,No,108.4,460.41,Yes
CUST00466,Female,0,21,Yes,No,27.24,502.83,No
CUST00467,Female,0,23,No,DSL,34.72,593.45,No
CUST00468,Female,0,54,Yes,DSL,37.17,2108.49,No
CUST00469,Female,0,60,No,Fiber optic,94.52,5709.55,No
CUST00470,Female,0,10,Yes,DSL,89.78,943.82,No
CUST00471,Female,0,53,Yes,Fiber optic,79.16,4015.39,No
CUST00472,Male,0,0,No,Fiber optic,84.54,,Yes
CUST00473,Female,0,41,Yes,Fiber optic,73.63,3183.05,No
CUST00474,Female,0,51,Yes,Fiber optic,63.26,3257.2,No
CUST00475,Female,1,46,No,Fiber optic,65.72,3465.51,No
CUST00476,Male,0,26,No,DSL,64.82,1430.02,No
CUST00477,Female,0,63,No,DSL,98.95,6310.4,No
CUST00478,Female,0,37,Yes,Fiber optic,72.0,2773.61,No
CUST00479,Male,1,8,Yes,DSL,77.33,636.56,No
CUST00480,Male,0,1,No,DSL,87.15,86.28,Yes
CUST00481,Male,1,55,No,DSL,69.11,4222.45,No
CUST00482,Female,0,4,No,Fiber optic,61.11,222.02,No
CUST00483,Male,1,35,No,Fiber optic,30.06,794.1,Yes
CUST00484,Female,0,8,No,Fiber optic,98.48,772.86,Yes
CUST00485,Female,1,20,No,DSL,59.76,1002.54,No
CUST00486,Male,1,69,Yes,Fiber optic,67.3,4367.13,No
CUST00487,Male,0,52,Yes,Fiber optic,29.52,1737.43,No
CUST00488,Female,0,6,No,DSL,90.81,519.45,No
CUST00489,Male,0,11,Yes,Fiber optic,87.32,967.19,Yes
CUST00490,Female,0,3,Yes,No,67.69,227.38,No
CUST00491,Male,0,61,No,DSL,26.36,1369.35,No
CUST00492,Male,1,43,Yes,No,47.61,2382.79,No
CUST00493,Female,0,25,No,Fiber optic,82.05,2089.94,Yes
CUST00494,Male,0,7,Yes,DSL,66.35,462.29,No
CUST00495,Male,1,5,No,DSL,99.06,464.87,No
CUST00496,Female,1,18,Yes,Fiber optic,42.87,806.56,Yes
CUST00497,Male,0,33,No,DSL,95.95,3374.0,No
CUST00498,Female,1,55,Yes,Fiber optic,82.59,4376.83,No
CUST00499,Female,0,28,Yes,No,57.04,1666.91,No
CUST00500,Female,0,27,No,DSL,74.32,2014.88,No
CUST00501,Female,1,25,Yes,DSL,75.72,1925.17,No
CUST00502,Male,0,51,No,DSL,29.5,1089.63,No
CUST00503,Male,0,3,Yes,No,90.83,285.1,Yes
CUST00504,Male,0,7,Yes,Fiber optic,98.41,,No
CUST00505,Male,0,70,No,DSL,58.56,4527.92,No
CUST00506,Female,0,71,Yes,DSL,35.69,2845.0,No
CUST00507,Female,0,1,No,DSL,90.83,94.84,No
CUST00508,Male,0,18,No,No,97.35,1922.31,No
CUST00509,Female,0,52,Yes,DSL,95.95,5393.58,No
CUST00510,Male,0,43,Yes,DSL,22.91,975.83,No
CUST00511,Female,0,69,No,Fiber optic,83.45,5420.26,No
CUST00512,Female,0,60,No,DSL,52.14,2800.58,No
CUST00513,Female,0,7,No,DSL,96.29,613.01,Yes
CUST00514,Female,0,4,Yes,DSL,80.6,352.63,No
CUST00515,Female,0,8,No,No,105.95,786.62,No
CUST00516,Female,0,12,No,DSL,97.45,1059.47,No
CUST00517,Female,0,30,No,DSL,62.09,1639.29,No
CUST00518,Female,1,32,Yes,No,30.25,1091.19,No
CUST00519,Male,0,51,No,DSL,47.11,2375.39,No
CUST00520,Female,0,51,Yes,No,95.7,4595.36,No
CUST00521,Female,0,3,Yes,DSL,77.41,258.0,Yes
CUST00522,Female,0,10,Yes,DSL,77.49,764.43,No
CUST00523,Female,0,12,No,DSL,71.54,957.84,No
CUST00524,Male,0,66,No,DSL,44.22,2287.22,No
CUST00525,Male,0,70,Yes,DSL,60.62,4350.17,No
CUST00526,Female,0,57,No,Fiber optic,47.46,2592.45,No
CUST00527,Female,0,68,Yes,DSL,55.86,3635.75,No
CUST00528,Male,0,2,Yes,DSL,82.25,146.15,No
CUST00529,Male,0,3,Yes,Fiber optic,100.02,281.69,Yes
CUST00530,Male,1,62,No,Fiber optic,27.43,1979.59,No
CUST00531,Male,1,42,No,Fiber optic,99.43,3961.53,Yes
CUST00532,Male,1,67,No,No,82.72,6149.68,Yes
CUST00533,Female,0,12,No,DSL,68.0,926.68,No
CUST00534,Male,0,18,Yes,Fiber optic,21.61,501.68,No
CUST00535,Female,0,17,Yes,Fiber optic,71.78,1368.5,Yes
CUST00536,Male,1,7,No,Fiber optic,100.55,730.54,No
CUST00537,Female,0,7,Yes,Fiber optic,88.85,620.9,Yes
CUST00538,Female,0,37,No,No,76.77,2536.69,No
CUST00539,Male,1,4,No,DSL,70.04,,Yes
CUST00540,Female,1,26,Yes,Fiber optic,67.28,1626.03,No
CUST00541,Male,0,62,No,Fiber optic,99.74,6605.08,No
CUST00542,Male,0,71,No,No,58.54,4778.14,No
CUST00543,Female,0,17,No,DSL,97.71,1601.26,No
CUST00544,Male,0,19,No,DSL,60.58,1259.72,No
CUST00545,Female,0,71,Yes,Fiber optic,73.47,5620.42,No
CUST00546,Male,0,33,Yes,Fiber optic,84.29,2918.0,No
CUST00547,Female,0,70,No,Fiber optic,61.85,4246.3,Yes
CUST00548,Male,0,48,No,DSL,55.12,2643.39,No
CUST00549,Male,1,69,Yes,DSL,72.18,4640.5,No
CUST00550,Female,0,60,No,Fiber optic,25.45,1553.93,Yes
CUST00551,Male,0,52,Yes,DSL,38.55,1778.77,No
CUST00552,Female,0,14,No,Fiber optic,97.3,1236.27,No
CUST00553,Female,0,0,Yes,DSL,107.08,,No
CUST00554,Female,0,55,No,Fiber optic,43.12,2232.82,No
CUST00555,Male,0,7,Yes,DSL,63.69,419.13,No
CUST00556,Male,0,10,No,No,101.35,1053.9,Yes
CUST00557,Female,0,33,Yes,DSL,60.48,2162.15,No
CUST00558,Male,1,4,Yes,DSL,60.32,266.04,No
CUST00559,Female,0,42,No,Fiber optic,32.45,1181.13,No
CUST00560,Female,0,19,No,DSL,55.17,950.13,No
CUST00561,Female,0,61,Yes,DSL,95.8,5689.48,No
CUST00562,Male,0,61,Yes,Fiber optic,66.99,3858.68,Yes
CUST00563,Male,0,63,Yes,DSL,76.74,4538.75,No
CUST00564,Female,1,33,No,Fiber optic,56.15,1824.89,No
CUST00565,Female,1,11,Yes,No,98.54,1172.16,Yes
CUST00566,Female,0,9,Yes,No,60.93,627.95,No
CUST00567,Female,0,3,No,DSL,77.95,208.11,No
CUST00568,Male,0,7,Yes,No,96.17,732.78,No
CUST00569,Male,0,14,Yes,No,98.02,1337.27,No
CUST00570,Female,0,43,Yes,Fiber optic,44.64,2324.77,No
CUST00571,Female,1,1,No,DSL,104.29,106.28,Yes
CUST00572,Female,0,35,Yes,DSL,66.35,2656.79,No
CUST00573,Male,0,15,No,No,51.07,661.57,No
CUST00574,Male,0,6,Yes,Fiber optic,101.11,666.56,No
CUST00575,Female,0,41,Yes,Fiber optic,90.73,3350.88,No
CUST00576,Female,0,2,Yes,Fiber optic,94.39,168.86,Yes
CUST00577,Female,0,10,Yes,Fiber optic,101.76,965.71,Yes
CUST00578,Male,0,45,Yes,DSL,61.34,3203.15,No
CUST00579,Female,1,45,Yes,DSL,89.83,4134.59,No
CUST00580,Female,1,9,No,DSL,66.32,592.38,Yes
CUST00581,Male,0,8,Yes,Fiber optic,80.0,623.0,Yes
CUST00582,Female,0,18,Yes,No,42.5,,No
CUST00583,Female,0,56,No,Fiber optic,98.97,5618.47,No
CUST00584,Male,0,6,Yes,Fiber optic,84.45,519.71,No
CUST00585,Male,0,8,No,Fiber optic,83.56,645.58,No
CUST00586,Female,1,45,Yes,No,85.91,3716.87,No
CUST00587,Male,1,11,No,No,72.26,687.71,Yes
CUST00588,Female,0,58,Yes,Fiber optic,41.36,2969.71,No
CUST00589,Male,1,11,Yes,DSL,98.29,1148.38,Yes
CUST00590,Male,0,39,Yes,Fiber optic,82.53,3383.85,No
CUST00591,Male,1,18,Yes,Fiber optic,98.33,1603.96,Yes
CUST00592,Female,0,14,No,No,79.06,,No
CUST00593,Male,1,43,Yes,Fiber optic,69.8,3164.14,No
CUST00594,Female,0,49,No,Fiber optic,72.57,3303.09,Yes
CUST00595,Male,0,38,Yes,DSL,75.72,2832.12,No
CUST00596,Male,0,12,No,No,89.51,1038.31,No
CUST00597,Male,0,20,Yes,DSL,60.04,1284.85,No
CUST00598,Female,0,45,Yes,DSL,61.49,2752.19,No
CUST00599,Female,1,50,Yes,Fiber optic,70.37,3181.89,Yes
CUST00600,Male,0,24,No,Fiber optic,99.62,2460.71,No
CUST00601,Male,1,4,No,DSL,108.65,412.71,Yes
CUST00602,Female,0,8,Yes,No,94.65,716.5,Yes
CUST00603,Female,0,8,No,No,99.37,772.4,No
CUST00604,Female,0,21,No,DSL,89.48,1888.64,No
CUST00605,Male,1,10,No,Fiber optic,92.07,881.93,No
CUST00606,Male,0,26,No,Fiber optic,56.78,1452.56,No
CUST00607,Male,0,12,No,DSL,58.0,766.81,No
CUST00608,Female,1,2,No,DSL,93.13,191.61,Yes
CUST00609,Male,0,18,Yes,DSL,26.98,611.73,No
CUST00610,Female,0,6,Yes,No,74.01,471.17,No
CUST00611,Male,1,67,No,Fiber optic,27.69,1367.96,Yes
CUST00612,Male,0,4,No,DSL,75.11,334.72,No
CUST00613,Male,0,57,Yes,DSL,27.79,1589.13,No
CUST00614,Male,1,20,Yes,DSL,85.09,1777.08,No
CUST00615,Female,0,32,Yes,DSL,51.59,1432.02,No
CUST00616,Female,1,5,No,DSL,65.62,367.94,Yes
CUST00617,Female,0,30,Yes,DSL,20.19,601.04,No
CUST00618,Male,0,6,Yes,Fiber optic,64.51,432.52,No
CUST00619,Male,0,32,Yes,No,75.5,2225.98,No
CUST00620,Male,1,7,No,Fiber optic,99.39,633.88,Yes
CUST00621,Female,0,2,No,DSL,98.23,185.87,Yes
CUST00622,Male,0,12,Yes,DSL,31.62,396.9,No
CUST00623,Male,1,14,No,DSL,35.85,,No
CUST00624,Male,0,5,Yes,DSL,90.23,,No
CUST00625,Male,0,8,No,Fiber optic,86.96,721.35,Yes
CUST00626,Male,0,21,No,Fiber optic,83.43,1900.45,No
CUST00627,Female,0,47,No,DSL,53.18,2634.02,No
CUST00628,Male,0,58,Yes,DSL,44.93,2596.02,No
CUST00629,Female,1,26,No,DSL,51.75,1527.11,No
CUST00630,Male,1,5,No,DSL,79.17,389.42,Yes
CUST00631,Female,1,10,Yes,Fiber optic,108.64,1038.46,No
CUST00632,Male,0,29,No,Fiber optic,73.6,2110.27,No
CUST00633,Male,0,1,No,DSL,64.34,60.69,No
CUST00634,Male,1,36,Yes,Fiber optic,70.1,2815.04,Yes
CUST00635,Male,1,0,No,DSL,101.48,,Yes
CUST00636,Female,0,59,No,DSL,72.77,4549.47,No
CUST00637,Male,1,5,Yes,No,65.31,305.64,No
CUST00638,Male,0,12,Yes,DSL,59.58,,No
CUST00639,Female,0,11,No,Fiber optic,76.13,832.8,Yes
CUST00640,Female,0,32,No,DSL,91.37,3101.42,No
CUST00641,Male,0,25,No,DSL,38.05,1130.76,No
CUST00642,Male,0,4,Yes,No,60.82,208.34,No
CUST00643,Male,1,12,No,Fiber optic,47.88,608.03,Yes
CUST00644,Male,1,2,No,DSL,82.93,158.33,No
CUST00645,Female,0,28,No,Fiber optic,89.07,,No
CUST00646,Male,0,40,No,Fiber optic,45.28,2080.3,No
CUST00647,Female,0,42,No,DSL,44.98,2099.01,No
CUST00648,Female,0,34,No,DSL,98.2,3425.95,No
CUST00649,Male,0,34,No,Fiber optic,81.34,2436.27,No
CUST00650,Male,0,65,No,DSL,39.31,2852.84,No
CUST00651,Male,0,51,Yes,DSL,34.03,1868.43,No
CUST00652,Female,0,25,No,Fiber optic,66.16,1516.79,No
CUST00653,Female,0,2,Yes,No,69.76,144.95,No
CUST00654,Male,0,41,No,DSL,31.9,1091.41,No
CUST00655,Male,0,1,No,DSL,90.14,86.59,Yes
CUST00656,Female,0,5,Yes,Fiber optic,68.62,371.14,No
CUST00657,Female,0,11,Yes,DSL,95.6,1026.19,Yes
CUST00658,Male,0,0,No,DSL,78.74,,Yes
CUST00659,Male,0,2,No,Fiber optic,81.12,173.19,Yes
CUST00660,Female,0,11,No,DSL,80.99,827.91,No
CUST00661,Female,0,28,No,DSL,20.46,610.46,No
CUST00662,Male,0,6,Yes,DSL,92.93,607.02,Yes
CUST00663,Male,1,9,Yes,DSL,101.01,846.17,No
CUST00664,Female,0,57,Yes,No,54.9,2764.22,No
CUST00665,Female,0,58,No,DSL,44.87,2687.84,No
CUST00666,Female,0,1,Yes,Fiber optic,100.73,105.2,Yes
CUST00667,Female,1,12,Yes,Fiber optic,91.1,,Yes
CUST00668,Male,0,19,Yes,Fiber optic,57.95,1020.26,Yes
CUST00669,Male,0,65,Yes,DSL,74.0,4424.36,No
CUST00670,Male,1,60,No,DSL,65.44,4391.55,No
CUST00671,Female,0,4,No,Fiber optic,66.65,274.89,No
CUST00672,Male,0,12,Yes,Fiber optic,64.18,879.76,No
CUST00673,Male,0,3,Yes,DSL,98.36,300.23,No
CUST00674,Male,0,22,No,Fiber optic,49.02,908.41,No
CUST00675,Female,1,32,Yes,DSL,72.13,2102.82,No
CUST00676,Female,0,71,Yes,Fiber optic,33.83,2563.39,No
CUST00677,Female,0,64,Yes,Fiber optic,83.44,4957.11,No
CUST00678,Male,0,2,No,Fiber optic,82.93,168.28,Yes
CUST00679,Female,0,10,Yes,DSL,73.01,686.81,No
CUST00680,Female,0,60,Yes,Fiber optic,36.14,2201.22,No
CUST00681,Female,0,22,No,Fiber optic,57.51,1065.58,No
CUST00682,Male,0,34,Yes,Fiber optic,23.98,903.34,No
CUST00683,Male,0,10,No,DSL,95.45,998.97,No
CUST00684,Male,0,3,No,Fiber optic,93.22,287.0,No
CUST00685,Female,0,3,No,Fiber optic,103.63,338.35,No
CUST00686,Male,0,71,No,Fiber optic,24.33,1305.0,Yes
CUST00687,Male,0,5,No,No,62.4,314.28,No
CUST00688,Female,1,9,No,Fiber optic,80.43,677.89,Yes
CUST00689,Male,0,70,No,No,94.81,7017.36,No
CUST00690,Female,0,69,No,DSL,30.71,2716.72,No
CUST00691,Female,0,34,No,DSL,93.66,3024.75,No
CUST00692,Female,0,11,No,DSL,101.03,1032.74,No
CUST00693,Female,0,28,No,DSL,98.63,2639.06,No
CUST00694,Female,0,10,No,Fiber optic,99.38,895.94,Yes
CUST00695,Male,0,6,No,No,107.7,673.06,No
CUST00696,Female,0,0,Yes,Fiber optic,78.08,,No
CUST00697,Male,0,3,No,No,68.1,194.93,No
CUST00698,Female,0,17,Yes,DSL,37.03,716.37,No
CUST00699,Female,1,47,Yes,Fiber optic,88.18,4109.25,No
CUST00700,Female,1,56,Yes,Fiber optic,85.64,4358.43,Yes
CUST00701,Male,1,59,No,DSL,87.12,5469.78,No
CUST00702,Female,0,44,Yes,DSL,85.81,3421.9,No
CUST00703,Female,0,40,Yes,Fiber optic,47.32,1745.72,No
CUST00704,Female,0,14,Yes,Fiber optic,39.03,520.02,No
CUST00705,Male,0,71,Yes,No,71.02,5040.71,No
CUST00706,Male,0,0,No,No,108.96,,No
CUST00707,Female,0,50,Yes,Fiber optic,65.98,2859.78,No
CUST00708,Female,0,13,Yes,DSL,28.22,307.67,No
CUST00709,Male,0,9,No,DSL,75.54,752.46,No
CUST00710,Female,1,68,No,Fiber optic,67.3,4273.65,Yes
CUST00711,Female,0,72,Yes,DSL,50.97,3383.8,No
CUST00712,Male,1,68,No,DSL,96.12,7090.42,No
CUST00713,Male,0,50,No,DSL,82.4,4187.81,No
CUST00714,Female,0,34,Yes,No,28.24,1152.11,No
CUST00715,Male,0,44,Yes,No,37.3,1965.39,No
CUST00716,Male,0,48,Yes,DSL,31.61,1849.52,No
CUST00717,Female,0,14,No,No,85.75,1281.63,No
CUST00718,Female,0,13,Yes,DSL,88.49,,No
CUST00719,Male,0,30,No,Fiber optic,28.61,,No
CUST00720,Male,1,4,Yes,Fiber optic,70.86,268.53,Yes
CUST00721,Female,0,5,No,Fiber optic,95.22,497.17,No
CUST00722,Male,1,56,Yes,DSL,21.82,1259.06,No
CUST00723,Male,0,44,No,Fiber optic,36.5,1900.15,Yes
CUST00724,Male,0,31,Yes,DSL,40.21,1314.0,No
CUST00725,Male,1,56,No,DSL,58.57,3751.75,No
CUST00726,Female,0,30,Yes,No,23.71,637.66,No
CUST00727,Female,0,69,Yes,DSL,59.34,3868.35,No
CUST00728,Female,0,42,No,Fiber optic,39.91,1774.88,No
CUST00729,Female,0,63,No,No,82.43,4601.66,No
CUST00730,Female,1,12,Yes,Fiber optic,43.82,,No
CUST00731,Female,0,11,Yes,DSL,66.41,776.09,No
CUST00732,Female,1,5,Yes,Fiber optic,83.05,444.14,Yes
CUST00733,Male,0,35,Yes,DSL,52.77,1840.8,No
CUST00734,Female,0,6,No,DSL,95.5,523.96,No
CUST00735,Male,0,4,Yes,No,63.69,247.51,No
CUST00736,Female,0,54,Yes,DSL,89.65,5341.88,No
CUST00737,Female,0,10,Yes,DSL,82.73,854.81,Yes
CUST00738,Male,0,10,No,DSL,86.0,958.71,Yes
CUST00739,Female,0,72,Yes,DSL,68.69,4702.33,No
CUST00740,Male,0,48,Yes,Fiber optic,84.91,3722.58,No
CUST00741,Female,0,22,No,No,52.3,1027.51,No
CUST00742,Female,0,4,No,No,93.61,382.77,Yes
CUST00743,Male,0,50,No,Fiber optic,68.22,3244.86,Yes
CUST00744,Male,1,39,No,No,41.04,1732.56,No
CUST00745,Male,0,6,Yes,DSL,74.92,437.07,No
CUST00746,Female,0,11,No,DSL,80.1,839.13,Yes
CUST00747,Male,0,12,No,Fiber optic,48.14,488.6,No
CUST00748,Male,1,66,No,DSL,86.04,5514.7,No
CUST00749,Female,0,11,No,DSL,80.81,890.28,No
CUST00750,Female,1,5,No,Fiber optic,95.2,449.2,Yes
CUST00751,Female,1,33,No,DSL,47.82,1768.23,Yes
CUST00752,Male,0,8,No,Fiber optic,86.09,759.74,No
CUST00753,Female,0,3,No,Fiber optic,96.5,265.09,Yes
CUST00754,Male,1,16,Yes,Fiber optic,23.8,431.78,Yes
CUST00755,Male,0,43,No,No,77.61,3094.7,No
CUST00756,Male,0,4,Yes,Fiber optic,72.89,,No
CUST00757,Male,0,33,No,Fiber optic,76.44,2403.93,No
CUST00758,Female,0,50,Yes,Fiber optic,74.1,3448.47,No
CUST00759,Female,0,2,No,Fiber optic,108.92,,Yes
CUST00760,Male,1,2,Yes,Fiber optic,85.27,166.93,No
CUST00761,Female,0,71,Yes,No,60.0,3891.64,No
CUST00762,Male,0,57,Yes,Fiber optic,46.13,,Yes
CUST00763,Female,0,6,Yes,DSL,104.73,658.85,Yes
CUST00764,Male,0,10,No,Fiber optic,60.72,574.97,No
CUST00765,Female,1,22,No,DSL,96.03,2197.02,Yes
CUST00766,Male,0,2,Yes,Fiber optic,103.4,200.31,No
CUST00767,Male,0,8,No,Fiber optic,80.54,,No
CUST00768,Male,0,27,Yes,DSL,42.22,1070.42,No
CUST00769,Male,0,8,No,No,73.85,526.44,No
CUST00770,Male,0,6,No,DSL,66.8,424.3,No
CUST00771,Male,1,10,Yes,Fiber optic,86.23,775.19,Yes
CUST00772,Female,0,52,Yes,DSL,64.42,3372.66,No
CUST00773,Male,0,11,Yes,DSL,86.06,961.88,No
CUST00774,Male,0,4,No,No,73.98,326.08,Yes
CUST00775,Female,0,54,No,DSL,59.6,3295.77,No
CUST00776,Female,0,8,Yes,Fiber optic,77.45,638.66,No
CUST00777,Female,0,49,Yes,DSL,28.55,946.93,No
CUST00778,Male,0,29,Yes,DSL,30.85,740.83,No
CUST00779,Male,0,4,Yes,Fiber optic,63.31,257.09,No
CUST00780,Female,0,25,Yes,Fiber optic,20.81,326.55,No
CUST00781,Male,0,65,Yes,Fiber optic,77.14,4932.09,No
CUST00782,Male,0,22,Yes,No,93.91,2215.32,No
CUST00783,Male,0,6,No,DSL,87.17,546.41,No
CUST00784,Female,0,42,No,No,93.11,3815.71,No
CUST00785,Female,0,44,Yes,No,34.72,1881.65,No
CUST00786,Female,0,24,No,DSL,55.46,1380.69,No
CUST00787,Female,0,61,Yes,DSL,43.34,,No
CUST00788,Male,0,11,No,Fiber optic,99.07,1033.92,No
CUST00789,Female,0,59,Yes,No,38.83,1770.59,No
CUST00790,Male,0,26,No,No,45.89,1113.48,No
CUST00791,Male,0,55,No,No,91.22,5526.0,No
CUST00792,Male,1,44,No,Fiber optic,86.23,3890.8,No
CUST00793,Male,1,1,Yes,DSL,92.07,98.03,No
CUST00794,Male,0,0,No,DSL,84.09,,No
CUST00795,Female,1,45,No,DSL,65.93,2740.94,No
CUST00796,Male,0,70,Yes,No,27.88,1656.76,No
CUST00797,Female,0,19,Yes,DSL,44.08,,No
CUST00798,Female,1,47,Yes,No,57.55,2986.4,No
CUST00799,Female,0,39,No,Fiber optic,83.62,3157.56,No
CUST00800,Male,0,19,No,DSL,32.93,752.36,No
CUST00801,Female,1,1,No,No,107.92,102.85,Yes
CUST00802,Male,0,54,Yes,DSL,21.47,,No
CUST00803,Female,0,6,No,Fiber optic,87.86,,Yes
CUST00804,Female,0,51,No,Fiber optic,92.42,4606.86,No
CUST00805,Female,1,11,Yes,DSL,108.98,1191.88,No
CUST00806,Female,0,3,No,DSL,77.62,222.29,No
CUST00807,Male,0,56,Yes,No,52.42,2914.97,No
CUST00808,Female,0,6,Yes,DSL,107.63,622.14,Yes
CUST00809,Female,0,15,Yes,Fiber optic,87.12,,No
CUST00810,Male,0,19,No,DSL,72.82,1331.58,No
CUST00811,Female,0,25,No,DSL,60.17,1706.48,No
CUST00812,Male,1,32,Yes,DSL,48.91,1484.76,Yes
CUST00813,Female,1,5,Yes,No,91.87,437.14,No
CUST00814,Female,0,65,Yes,DSL,77.23,5002.39,No
CUST00815,Male,0,69,Yes,No,91.84,5988.85,No
CUST00816,Male,1,12,Yes,Fiber optic,49.5,,No
CUST00817,Male,0,57,No,DSL,64.23,3482.97,No
CUST00818,Female,0,63,Yes,DSL,95.9,6350.66,No
CUST00819,Female,0,32,No,No,61.17,2027.05,No
CUST00820,Male,0,9,Yes,DSL,95.57,823.55,No
CUST00821,Female,1,15,Yes,DSL,51.7,915.81,No
CUST00822,Female,0,48,Yes,DSL,31.77,1723.43,No
CUST00823,Male,0,37,No,Fiber optic,82.75,2753.27,Yes
CUST00824,Male,1,17,No,Fiber optic,38.9,765.56,Yes
CUST00825,Male,1,36,Yes,DSL,60.42,2010.45,No
CUST00826,Female,1,39,No,Fiber optic,74.57,2963.14,No
CUST00827,Male,0,2,Yes,Fiber optic,101.12,194.61,No
CUST00828,Female,0,65,Yes,Fiber optic,24.24,1732.56,Yes
CUST00829,Female,1,11,No,DSL,67.5,684.07,Yes
CUST00830,Female,0,2,No,Fiber optic,96.89,200.8,Yes
CUST00831,Female,0,27,No,Fiber optic,37.38,817.14,Yes
CUST00832,Male,0,63,No,Fiber optic,77.89,4985.2,No
CUST00833,Female,1,6,Yes,DSL,65.21,363.87,Yes
CUST00834,Male,1,25,No,DSL,87.89,2068.22,Yes
CUST00835,Male,0,12,No,DSL,58.96,809.17,No
CUST00836,Female,0,45,No,DSL,51.34,2206.23,No
CUST00837,Male,0,19,No,DSL,96.8,1965.71,No
CUST00838,Female,0,11,Yes,Fiber optic,105.35,1085.54,No
CUST00839,Male,0,12,No,Fiber optic,20.61,283.15,No
CUST00840,Female,0,26,No,Fiber optic,92.92,2205.83,No
CUST00841,Female,0,10,Yes,DSL,82.45,738.56,No
CUST00842,Male,0,50,Yes,Fiber optic,79.21,3919.83,No
CUST00843,Male,1,53,Yes,No,87.21,4115.8,No
CUST00844,Male,0,56,Yes,DSL,98.61,5736.21,No
CUST00845,Female,0,4,No,DSL,83.88,326.28,Yes
CUST00846,Female,0,58,No,Fiber optic,38.12,1693.64,No
CUST00847,Male,0,0,Yes,DSL,97.15,,Yes
CUST00848,Female,0,4,No,Fiber optic,103.89,406.32,No
CUST00849,Male,0,1,No,No,90.27,85.16,Yes
CUST00850,Female,0,44,No,Fiber optic,86.63,4052.51,Yes
CUST00851,Male,0,63,Yes,DSL,71.0,4068.55,No
CUST00852,Male,0,69,No,DSL,78.2,,No
CUST00853,Female,0,56,Yes,Fiber optic,44.16,2518.63,Yes
CUST00854,Male,0,42,No,Fiber optic,65.75,2673.23,Yes
CUST00855,Male,0,43,No,No,97.19,4342.49,No
CUST00856,Male,0,43,No,DSL,79.22,3284.14,No
CUST00857,Female,0,34,No,Fiber optic,95.35,3233.45,No
CUST00858,Female,0,7,No,Fiber optic,65.19,510.09,No
CUST00859,Female,0,72,No,No,97.1,7125.93,No
CUST00860,Female,0,26,Yes,Fiber optic,99.67,2350.02,No
CUST00861,Male,0,43,Yes,No,65.18,2603.51,No
CUST00862,Male,0,12,No,DSL,30.81,452.65,No
CUST00863,Female,0,32,Yes,Fiber optic,21.87,815.12,No
CUST00864,Female,0,39,No,Fiber optic,74.67,3143.3,No
CUST00865,Male,0,2,Yes,Fiber optic,107.11,,No
CUST00866,Male,0,29,No,No,25.24,474.33,No
CUST00867,Male,0,31,Yes,Fiber optic,61.96,2107.25,No
CUST00868,Female,1,40,Yes,DSL,84.01,2962.28,No
CUST00869,Female,0,11,No,No,90.37,959.7,Yes
CUST00870,Female,0,34,No,DSL,36.51,1491.46,No
CUST00871,Male,0,59,No,DSL,47.54,2976.78,No
CUST00872,Female,0,4,No,No,89.11,379.15,Yes
CUST00873,Female,0,6,No,Fiber optic,67.55,438.52,Yes
CUST00874,Male,0,34,Yes,Fiber optic,39.28,1557.57,No
CUST00875,Male,1,71,Yes,Fiber optic,41.19,2373.94,Yes
CUST00876,Female,0,0,Yes,Fiber optic,69.42,,No
CUST00877,Female,1,5,Yes,DSL,92.31,441.78,Yes
CUST00878,Male,0,67,No,Fiber optic,62.21,4294.01,No
CUST00879,Male,1,18,No,Fiber optic,62.89,1077.67,Yes
CUST00880,Male,1,67,No,DSL,95.85,,No
CUST00881,Female,0,29,No,DSL,79.94,2579.48,No
CUST00882,Female,0,21,No,DSL,84.13,1666.96,No
CUST00883,Female,0,2,No,No,64.51,117.85,No
CUST00884,Female,0,15,No,Fiber optic,71.9,1013.75,No
CUST00885,Male,0,26,Yes,Fiber optic,95.63,2269.02,No
CUST00886,Male,1,9,Yes,Fiber optic,81.05,679.53,No
CUST00887,Male,0,68,Yes,Fiber optic,49.88,3077.4,No
CUST00888,Male,1,68,No,Fiber optic,95.2,6113.93,Yes
CUST00889,Female,0,23,Yes,No,27.43,544.77,No
CUST00890,Male,0,23,No,DSL,41.13,,No
CUST00891,Male,0,21,Yes,No,65.53,1456.1,No
CUST00892,Female,1,33,No,DSL,66.6,2050.26,Yes
CUST00893,Male,0,0,No,Fiber optic,99.75,,No
CUST00894,Male,0,23,No,Fiber optic,69.52,1427.11,Yes
CUST00895,Male,0,11,No,No,103.15,1197.68,No
CUST00896,Female,0,12,No,Fiber optic,43.86,431.36,No
CUST00897,Female,0,41,No,DSL,92.64,3916.46,No
CUST00898,Female,0,51,Yes,DSL,63.56,3330.52,No
CUST00899,Female,0,7,No,Fiber optic,90.27,699.83,No
CUST00900,Female,0,72,No,Fiber optic,80.36,5457.36,No
CUST00901,Female,0,9,Yes,DSL,104.34,908.09,Yes
CUST00902,Female,1,5,No,Fiber optic,66.16,342.96,No
CUST00903,Male,0,45,Yes,Fiber optic,96.62,4226.71,No
CUST00904,Male,1,40,No,No,94.77,3569.83,Yes
CUST00905,Male,0,5,Yes,DSL,72.77,319.97,Yes
CUST00906,Female,0,35,No,Fiber optic,46.28,1405.15,Yes
CUST00907,Male,0,28,Yes,Fiber optic,48.33,1548.51,No
CUST00908,Female,0,53,No,Fiber optic,93.33,4721.59,No
CUST00909,Female,0,1,Yes,No,99.5,101.48,Yes
CUST00910,Female,0,44,Yes,DSL,71.48,3242.71,No
CUST00911,Male,0,12,No,No,22.78,251.69,No
CUST00912,Male,0,27,Yes,Fiber optic,43.43,1071.73,No
CUST00913,Female,0,64,No,DSL,22.56,896.96,No
CUST00914,Female,1,67,Yes,DSL,92.65,6248.65,No
CUST00915,Male,1,67,Yes,No,58.5,4499.08,Yes
CUST00916,Male,0,11,No,Fiber optic,102.24,1146.24,Yes
CUST00917,Male,0,7,No,Fiber optic,63.67,474.09,No
CUST00918,Male,0,0,Yes,DSL,80.07,,Yes
CUST00919,Male,0,40,No,DSL,88.26,3366.01,No
CUST00920,Male,0,66,No,DSL,38.54,2162.78,No
CUST00921,Male,1,58,No,DSL,52.13,3466.08,No
CUST00922,Male,0,0,Yes,DSL,62.73,,No
CUST00923,Female,0,5,Yes,No,62.65,338.78,No
CUST00924,Female,0,12,No,DSL,91.88,1123.7,No
CUST00925,Male,0,5,No,DSL,108.7,570.48,No
CUST00926,Male,0,6,Yes,DSL,95.17,620.55,No
CUST00927,Female,0,23,Yes,Fiber optic,64.72,1633.47,No
CUST00928,Male,0,44,Yes,DSL,90.74,,No
CUST00929,Female,0,54,Yes,Fiber optic,86.93,5006.42,Yes
CUST00930,Female,0,1,No,Fiber optic,100.62,107.97,Yes
CUST00931,Male,1,65,Yes,Fiber optic,46.4,3079.45,No
CUST00932,Male,0,72,Yes,DSL,52.95,3404.66,No
CUST00933,Male,0,28,No,Fiber optic,54.11,,Yes
CUST00934,Male,0,23,Yes,No,77.68,1745.82,No
CUST00935,Female,0,0,No,DSL,92.51,,No
CUST00936,Female,0,37,No,Fiber optic,36.58,1537.81,No
CUST00937,Male,1,9,Yes,Fiber optic,99.9,900.38,No
CUST00938,Female,0,1,Yes,DSL,84.67,90.74,Yes
CUST00939,Female,0,59,No,DSL,67.51,4177.64,No
CUST00940,Male,0,34,Yes,DSL,34.66,998.82,No
CUST00941,Female,0,20,Yes,Fiber optic,62.88,1062.99,No
CUST00942,Female,0,54,No,DSL,83.42,4185.83,No
CUST00943,Male,0,59,Yes,DSL,55.76,2973.09,No
CUST00944,Male,0,5,Yes,No,60.78,,No
CUST00945,Female,0,65,Yes,Fiber optic,82.86,5304.63,Yes
CUST00946,Female,0,20,No,DSL,26.14,337.78,No
CUST00947,Male,0,7,Yes,Fiber optic,65.92,500.28,Yes
CUST00948,Male,0,56,No,DSL,58.64,2882.28,No
CUST00949,Male,0,2,No,No,77.27,147.17,Yes
CUST00950,Male,0,15,Yes,DSL,32.71,625.01,No
CUST00951,Male,0,9,No,Fiber optic,79.92,787.81,Yes
CUST00952,Female,0,8,No,DSL,87.72,681.07,Yes
CUST00953,Male,0,71,No,No,35.59,2371.94,No
CUST00954,Male,0,17,Yes,Fiber optic,70.12,1065.42,No
CUST00955,Male,0,59,No,DSL,71.78,4551.85,No
CUST00956,Female,1,45,No,Fiber optic,51.65,2000.69,No
CUST00957,Male,0,2,No,DSL,72.49,140.71,Yes
CUST00958,Male,1,16,Yes,Fiber optic,49.7,876.34,No
CUST00959,Female,0,33,No,No,80.98,2573.87,No
CUST00960,Male,0,42,No,DSL,72.6,2648.11,No
CUST00961,Male,0,1,No,DSL,107.32,113.81,No
CUST00962,Female,0,57,No,No,88.22,5351.67,No
CUST00963,Female,0,61,No,Fiber optic,58.34,3929.19,No
CUST00964,Female,0,18,Yes,DSL,28.6,355.24,No
CUST00965,Male,0,2,No,Fiber optic,90.95,189.59,Yes
CUST00966,Female,1,5,No,DSL,90.13,461.08,Yes
CUST00967,Male,0,5,Yes,DSL,75.28,385.61,Yes
CUST00968,Male,1,6,Yes,DSL,86.2,547.02,No
CUST00969,Male,0,67,Yes,DSL,27.75,1957.66,No
CUST00970,Female,0,4,No,DSL,106.94,466.18,No
CUST00971,Male,0,23,Yes,Fiber optic,83.54,1766.28,Yes
CUST00972,Female,1,55,No,Fiber optic,21.76,1121.99,Yes
CUST00973,Male,0,31,No,DSL,60.46,2123.18,No
CUST00974,Female,0,0,No,No,80.35,,Yes
CUST00975,Female,1,62,Yes,DSL,27.19,,No
CUST00976,Female,0,67,Yes,DSL,41.13,2623.41,No
CUST00977,Male,0,55,No,No,33.93,1626.77,No
CUST00978,Female,0,19,Yes,No,87.83,1644.54,No
CUST00979,Male,1,18,No,Fiber optic,91.87,1733.56,No
CUST00980,Female,0,2,No,Fiber optic,109.56,237.22,Yes
CUST00981,Female,0,60,Yes,No,92.97,5292.86,No
CUST00982,Male,0,64,No,DSL,37.19,1777.95,No
CUST00983,Male,0,28,No,DSL,91.28,2490.78,No
CUST00984,Female,0,6,Yes,Fiber optic,100.4,,Yes
CUST00985,Female,1,71,No,No,92.18,5892.65,No
CUST00986,Male,0,18,Yes,Fiber optic,90.17,1740.77,No
CUST00987,Female,0,9,No,No,62.44,641.1,No
CUST00988,Male,0,39,No,Fiber optic,58.42,1913.04,No
CUST00989,Female,0,64,No,Fiber optic,55.44,2936.16,No
CUST00990,Female,1,57,Yes,Fiber optic,45.47,2927.55,No
CUST00991,Male,0,10,No,Fiber optic,91.5,879.52,Yes
CUST00992,Female,0,25,No,DSL,69.26,1775.62,No
CUST00993,Female,0,7,Yes,Fiber optic,60.98,384.08,No
CUST00994,Female,0,42,Yes,DSL,78.22,3352.77,No
CUST00995,Female,0,10,Yes,DSL,70.87,616.98,Yes
CUST00996,Male,0,18,No,Fiber optic,83.16,1518.06,No
CUST00997,Female,0,11,Yes,Fiber optic,101.15,1063.45,Yes
CUST00998,Male,0,51,No,DSL,50.38,2665.33,No
CUST00999,Female,1,12,Yes,DSL,23.57,338.72,No
CUST01000,Female,0,18,No,DSL,22.34,304.7,No
